Gross,OpeningWeekend,Screens,budget,imdb_rating,metascore,popularity,tomatoMeter,tomatoRating,ttnumber,userMeter,userrating,userreviews
3567700,-0.687579105344,-1.3406783802,-0.961519287604,1.29004997955,1.90998039406,1.91209035923,1.65344011646,1.80515435434,tt1155592,1.37871475035,1.62896943843,-0.150813039134
16582519,-0.529996731284,-1.3406783802,-0.853853053511,0.174305948947,-0.658646830742,1.79622712627,-0.194156408703,-0.468272510188,tt0322802,0.731275688714,0.0806958679715,-0.0354561313046
