Gross,OpeningWeekend,Screens,budget,imdb_rating,metascore,popularity,tomatoMeter,tomatoRating,ttnumber,userMeter,userrating,userreviews
96140333,0.401177225397,1.4492463336,0.0495553676787,0.408370558076,0.553259351778,1.46781131668,0.493382309818,0.941853424033,tt1691917,0.149929854849,0.679611103369,-0.115329488828
145356875,0.501169893194,1.47201752635,0.729449197112,-1.05776394553,-1.02924484647,1.62832675988,-0.755766286286,-0.624086987032,tt1615918,0.343586547504,0.679611103369,-0.117514698422
29098075,-0.446395982785,0.802978196471,0.0187103604716,-0.0105250143834,0.869760191428,0.983086463459,1.0699124311,0.799495204845,tt0775552,-0.23738353046,-1.08070549573,0.0403207945024
253580262,2.32438818106,1.44707764858,0.840907158746,-0.953040052416,0.764259911545,0.249642136372,0.109028895632,-0.0546541102811,tt1231580,0.149929854849,0.679611103369,0.00328623191454
273553207,2.28539107467,1.20310058339,0.577995372536,-0.219972800613,0.553259351778,0.145545487566,0.685559016911,0.799495204845,tt0952640,1.11821331812,1.18255870311,-0.0199330700221
105102129,0.789778802565,0.789966086327,-0.0560949983262,-0.429420586842,-0.712744006821,1.70540595785,-0.467501225647,-0.624086987032,tt0356634,-0.62469691577,-0.326284096113,0.0401103935787
68774392,0.200489442898,0.479844127905,-0.532829624213,-0.0105250143834,0.447759071895,1.5623723946,-0.0831478114608,0.657136985657,tt0283426,-1.07656253196,-0.326284096113,-0.135434377092
