Gross,OpeningWeekend,Screens,budget,imdb_rating,metascore,popularity,tomatoMeter,tomatoRating,ttnumber,userMeter,userrating,userreviews
17168149,-0.569438750185,0.0168298752951,-0.911191203972,0.51309445119,1.08076075119,-0.186610231526,0.685559016911,1.3689280816,tt2357129,-0.431040223115,-0.0748102962429,-0.12775314337
6530636,-0.844465708057,-0.39413593674,-0.698129584662,1.87450506168,1.18626103108,1.32398312253,1.0699124311,1.3689280816,tt1629757,1.50552670343,1.93698010272,-0.13653638193
13738734,-0.618890471945,-0.154496241596,0.388763052944,0.617818344305,0.236758512129,-0.210449158734,-0.0831478114608,-0.0546541102811,tt0421054,0.601795471044,0.176663503628,-0.0453035814028
41856914,-0.035766062978,-0.773655815928,0.0680934607261,-0.429420586842,1.18626103108,1.32239386071,-0.3714128721,0.657136985657,tt0430308,1.50552670343,0.428137303498,-0.0249110918764
47828288,0.13138758668,0.086227796061,3.91587020672,0.0941988787313,0.553259351778,-1.2744599431,-0.3714128721,-0.0546541102811,tt0346491,-0.818353608425,-1.08070549573,-0.049101198075
49503044,-0.982045186351,-2.56065227565,-1.06118992535,1.9792289548,4.24576914769,-1.27207605038,0.877735724004,0.799495204845,tt0340855,1.82828785786,0.931084903239,-0.129383150526
