Gross,OpeningWeekend,Screens,budget,imdb_rating,metascore,popularity,tomatoMeter,tomatoRating,ttnumber,userMeter,userrating,userreviews
16582519,-0.747507131739,-2.56282096067,-1.03769225767,1.24616170299,0.869760191428,1.5385334674,2.70341444139,1.51128630078,tt0322802,1.82828785786,0.931084903239,0.0339799666651
