Gross,OpeningWeekend,Screens,budget,imdb_rating,metascore,popularity,tomatoMeter,tomatoRating,ttnumber,userMeter,userrating,userreviews
31246231,-0.242199371432,0.264059968023,2.3270841247,0.617818344305,1.39726159084,1.68315629246,0.877735724004,1.51128630078,tt0318974,-0.10827906869,-0.0748102962429,-0.136327981015
303772993,5.76467253278,0.920087187763,3.86967095913,0.72254223742,1.08076075119,-1.40398478093,0.493382309818,0.799495204845,tt0213149,1.31187001078,0.679611103369,0.21778957362
