Gross,OpeningWeekend,Screens,budget,imdb_rating,metascore,popularity,tomatoMeter,tomatoRating,ttnumber,userMeter,userrating,userreviews
15060736,-0.481399876298,-0.0834273428058,-0.672203827791,0.453241956598,0.762295889362,1.24980116955,1.08494887795,0.869037410123,tt1172233,0.677322433577,0.744241683883,-0.127363933755
31644705,-0.680489896932,-1.33921560994,-0.857827570858,1.38302864877,1.47276724941,-0.899274925648,1.58237871164,1.80515435434,tt1125849,1.43266800549,1.40778749979,-0.120323627804
213621610,2.3858068383,-1.33994699507,1.0483734561,-0.0116513894862,-0.330736972256,-1.10409122133,-0.798178349621,-0.602003502219,tt0398165,0.0298833719377,-0.140486070666,8.93030333366
140042081,-0.680239404887,-1.33629006942,-0.220889714634,1.5689859872,1.74602546482,-1.08241358419,1.33366379479,1.80515435434,tt0405159,1.54057451576,0.96542362252,-0.0469866914777
44089075,-0.182048016276,-0.437417745422,-0.399498392885,0.732177964249,0.871599175524,1.94273805311,1.01388747313,0.668440922076,tt0199725,1.81034079145,1.18660556116,-0.107193704028
