{"userMeter": {"count": 3174, "std": 18.534562881665906, "sum": 195030.0, "squaredsum": 13074202.0, "mean": 61.44612476370511}, "userreviews": {"count": 3184, "std": 3605809.204043632, "sum": 1824435326.0, "squaredsum": 4.244332563843448e+16, "mean": 573001.04459799}, "Gross": {"count": 3191, "std": 83402936.77608214, "sum": 188358274951.0, "squaredsum": 3.3315163054307553e+19, "mean": 59027977.107803196}, "tomatoMeter": {"count": 3124, "std": 28.144672980214725, "sum": 167023.0, "squaredsum": 11404387.0, "mean": 53.46446862996159}, "popularity": {"count": 1985, "std": 1337.7841791767623, "sum": 4438531.0, "squaredsum": 13477202097.0, "mean": 2236.0357682619647}, "budget": {"count": 2690, "std": 54320809.57645272, "sum": 144815224979.0, "squaredsum": 1.5733596288237949e+19, "mean": 53834656.1260223}, "metascore": {"count": 3093, "std": 18.297711534840467, "sum": 167182.0, "squaredsum": 10072032.0, "mean": 54.051729712253476}, "Screens": {"count": 2944, "std": 1367.2687067868624, "sum": 5402439.0, "squaredsum": 15417424165.0, "mean": 1835.0675951086957}, "imdb_rating": {"count": 3200, "std": 1.0755155009452273, "sum": 20520.1, "squaredsum": 135287.33000000007, "mean": 6.41253125}, "userrating": {"count": 3174, "std": 0.45211648209703936, "sum": 10675.800000000021, "squaredsum": 36557.01999999981, "mean": 3.363516068052937}, "OpeningWeekend": {"count": 3008, "std": 25745328.58899522, "sum": 53433916474.0, "squaredsum": 2.942965026952228e+18, "mean": 17763934.99800532}, "tomatoRating": {"count": 3124, "std": 1.4955396424001024, "sum": 17807.800000000007, "squaredsum": 108497.41999999998, "mean": 5.700320102432781}}