{"userMeter": {"count": 995, "std": 15.491331380670912, "sum": 46444.0, "squaredsum": 2406666.0, "mean": 46.677386934673365}, "userreviews": {"count": 995, "std": 2499989.0245841565, "sum": 358402439.0, "squaredsum": 6347793194693523.0, "mean": 360203.45628140704}, "Gross": {"count": 992, "std": 49989989.7411596, "sum": 46680576284.0, "squaredsum": 4.675656479112099e+18, "mean": 47057032.54435484}, "tomatoMeter": {"count": 995, "std": 10.40708850855844, "sum": 19766.0, "squaredsum": 500424.0, "mean": 19.86532663316583}, "popularity": {"count": 571, "std": 1258.4458914096176, "sum": 1543321.0, "squaredsum": 5075632743.0, "mean": 2702.8388791593698}, "budget": {"count": 900, "std": 42131032.4641192, "sum": 46054541876.0, "squaredsum": 3.9542113150747745e+18, "mean": 51171713.19555555}, "metascore": {"count": 983, "std": 9.478647839670048, "sum": 33182.0, "squaredsum": 1208404.0, "mean": 33.7558494404883}, "Screens": {"count": 937, "std": 922.2178315104296, "sum": 2216454.0, "squaredsum": 6039880938.0, "mean": 2365.479188900747}, "imdb_rating": {"count": 995, "std": 0.9548919260521253, "sum": 5383.000000000008, "squaredsum": 30029.55999999999, "mean": 5.41005025125629}, "userrating": {"count": 995, "std": 0.3976557400869164, "sum": 3014.5999999999954, "squaredsum": 9290.819999999994, "mean": 3.029748743718588}, "OpeningWeekend": {"count": 953, "std": 17030468.70837981, "sum": 16057470401.0, "squaredsum": 5.4696374216523245e+17, "mean": 16849391.81636936}, "tomatoRating": {"count": 995, "std": 0.7024532940253652, "sum": 3918.700000000004, "squaredsum": 15924.35, "mean": 3.9383919597989987}}