{"userMeter": {"count": 2053, "std": 15.354043332138893, "sum": 141475.0, "squaredsum": 10233221.0, "mean": 68.9113492450073}, "userreviews": {"count": 2054, "std": 4131784.8778313696, "sum": 1450158251.0, "squaredsum": 3.608899735927562e+16, "mean": 706016.6752677702}, "Gross": {"count": 2052, "std": 96220570.35192834, "sum": 136377348682.0, "squaredsum": 2.8061966566567145e+19, "mean": 66460696.23879142}, "tomatoMeter": {"count": 2054, "std": 17.60918351090052, "sum": 144473.0, "squaredsum": 10798765.0, "mean": 70.33739045764362}, "popularity": {"count": 1354, "std": 1322.9794565873178, "sum": 2758717.0, "squaredsum": 7990639581.0, "mean": 2037.457163958641}, "budget": {"count": 1682, "std": 59679704.646596625, "sum": 93113419491.0, "squaredsum": 1.114536676222449e+19, "mean": 55358751.18370987}, "metascore": {"count": 2005, "std": 12.471826711712255, "sum": 129004.0, "squaredsum": 8612136.0, "mean": 64.34114713216958}, "Screens": {"count": 1880, "std": 1474.2288031810276, "sum": 2985952.0, "squaredsum": 8828404032.0, "mean": 1588.2723404255319}, "imdb_rating": {"count": 2054, "std": 0.7413430164271135, "sum": 14207.800000000027, "squaredsum": 99406.15999999981, "mean": 6.9171372930866735}, "userrating": {"count": 2053, "std": 0.3853901624529281, "sum": 7245.90000000001, "squaredsum": 25878.749999999847, "mean": 3.5294203604481296}, "OpeningWeekend": {"count": 1926, "std": 29452529.81645818, "sum": 35733792498.0, "squaredsum": 2.3336939218089533e+18, "mean": 18553370.975077882}, "tomatoRating": {"count": 2054, "std": 0.9317819291383675, "sum": 13514.100000000017, "squaredsum": 90698.07000000002, "mean": 6.5794060370009815}}